{"objective": "multi:softmax", "num_class": 8, "max_depth": 12, "eta": 0.15273676584619789, "subsample": 0.7207606325507525, "colsample_bytree": 0.6729497923593724}