{"objective": "multi:softmax", "num_class": 8, "max_depth": 5, "eta": 0.053042766528002966, "subsample": 0.7205201761447388, "colsample_bytree": 0.6981383108728766, "gamma": 0.21186407006346303}